id,name,model_id:id,group_id:id,perm_read,perm_write,perm_create,perm_unlink

access_university_academic_year_admin,university.academic.year.admin,model_university_academic_year,group_university_admin,1,1,1,1
access_university_academic_year_coordinator,university.academic.year.coordinator,model_university_academic_year,group_academic_coordinator,1,1,1,0
access_university_academic_year_faculty,university.academic.year.faculty,model_university_academic_year,group_faculty,1,0,0,0
access_university_academic_year_student,university.academic.year.student,model_university_academic_year,group_student_portal,1,0,0,0

access_university_batch_admin,university.batch.admin,model_university_batch,group_university_admin,1,1,1,1
access_university_batch_coordinator,university.batch.coordinator,model_university_batch,group_academic_coordinator,1,1,1,0
access_university_batch_faculty,university.batch.faculty,model_university_batch,group_faculty,1,0,0,0
access_university_batch_student,university.batch.student,model_university_batch,group_student_portal,1,0,0,0

access_university_course_admin,university.course.admin,model_university_course,group_university_admin,1,1,1,1
access_university_course_coordinator,university.course.coordinator,model_university_course,group_academic_coordinator,1,1,1,0
access_university_course_faculty,university.course.faculty,model_university_course,group_faculty,1,0,0,0
access_university_course_student,university.course.student,model_university_course,group_student_portal,1,0,0,0

access_university_classroom_admin,university.classroom.admin,model_university_classroom,group_university_admin,1,1,1,1
access_university_classroom_faculty,university.classroom.faculty,model_university_classroom,group_faculty,1,0,0,0

access_university_department_admin,university.department.admin,model_university_department,group_university_admin,1,1,1,1
access_university_department_coordinator,university.department.coordinator,model_university_department,group_academic_coordinator,1,1,1,0
access_university_department_faculty,university.department.faculty,model_university_department,group_faculty,1,0,0,0

access_university_program_admin,university.program.admin,model_university_program,group_university_admin,1,1,1,1
access_university_program_coordinator,university.program.coordinator,model_university_program,group_academic_coordinator,1,1,1,0
access_university_program_faculty,university.program.faculty,model_university_program,group_faculty,1,0,0,0
access_university_program_student,university.program.student,model_university_program,group_student_portal,1,0,0,0

access_university_semester_admin,university.semester.admin,model_university_semester,group_university_admin,1,1,1,1
access_university_semester_coordinator,university.semester.coordinator,model_university_semester,group_academic_coordinator,1,1,1,0
access_university_semester_faculty,university.semester.faculty,model_university_semester,group_faculty,1,0,0,0
access_university_semester_student,university.semester.student,model_university_semester,group_student_portal,1,0,0,0

access_university_subject_admin,university.subject.admin,model_university_subject,group_university_admin,1,1,1,1
access_university_subject_coordinator,university.subject.coordinator,model_university_subject,group_academic_coordinator,1,1,1,0
access_university_subject_faculty,university.subject.faculty,model_university_subject,group_faculty,1,0,0,0
access_university_subject_student,university.subject.student,model_university_subject,group_student_portal,1,0,0,0

access_university_syllabus_admin,university.syllabus.admin,model_university_syllabus,group_university_admin,1,1,1,1
access_university_syllabus_coordinator,university.syllabus.coordinator,model_university_syllabus,group_academic_coordinator,1,1,1,0
access_university_syllabus_faculty,university.syllabus.faculty,model_university_syllabus,group_faculty,1,0,0,0
access_university_syllabus_student,university.syllabus.student,model_university_syllabus,group_student_portal,1,0,0,0

access_university_timetable_admin,university.timetable.admin,model_university_timetable,group_university_admin,1,1,1,1
access_university_timetable_coordinator,university.timetable.coordinator,model_university_timetable,group_academic_coordinator,1,1,1,0
access_university_timetable_faculty,university.timetable.faculty,model_university_timetable,group_faculty,1,0,0,0
access_university_timetable_student,university.timetable.student,model_university_timetable,group_student_portal,1,0,0,0

access_alumni_admin,alumni.alumni.admin,model_alumni_alumni,group_university_admin,1,1,1,1
access_alumni_coordinator,alumni.alumni.coordinator,model_alumni_alumni,group_academic_coordinator,1,1,1,0
access_alumni_faculty,alumni.alumni.faculty,model_alumni_alumni,group_faculty,1,0,0,0
access_alumni_student,alumni.alumni.student,model_alumni_alumni,group_student_portal,1,0,0,0

access_alumni_achievement_admin,alumni.achievement.admin,model_alumni_achievement,group_university_admin,1,1,1,1
access_alumni_achievement_coordinator,alumni.achievement.coordinator,model_alumni_achievement,group_academic_coordinator,1,1,1,0
access_alumni_achievement_faculty,alumni.achievement.faculty,model_alumni_achievement,group_faculty,1,0,0,0
access_alumni_achievement_student,alumni.achievement.student,model_alumni_achievement,group_student_portal,1,0,0,0

access_alumni_donation_admin,alumni.donation.admin,model_alumni_donation,group_university_admin,1,1,1,1
access_alumni_donation_coordinator,alumni.donation.coordinator,model_alumni_donation,group_academic_coordinator,1,1,1,0
access_alumni_donation_faculty,alumni.donation.faculty,model_alumni_donation,group_faculty,1,0,0,0
access_alumni_donation_student,alumni.donation.student,model_alumni_donation,group_student_portal,1,0,0,0

access_alumni_event_admin,alumni.event.admin,model_alumni_event,group_university_admin,1,1,1,1
access_alumni_event_coordinator,alumni.event.coordinator,model_alumni_event,group_academic_coordinator,1,1,1,0
access_alumni_event_faculty,alumni.event.faculty,model_alumni_event,group_faculty,1,0,0,0
access_alumni_event_student,alumni.event.student,model_alumni_event,group_student_portal,1,0,0,0

access_event_registration_admin,event.registration.admin,model_event_registration,group_university_admin,1,1,1,1
access_event_registration_coordinator,event.registration.coordinator,model_event_registration,group_academic_coordinator,1,1,1,0
access_event_registration_student,event.registration.student,model_event_registration,group_student_portal,1,0,0,0

access_event_sponsor_admin,event.sponsor.admin,model_event_sponsor,group_university_admin,1,1,1,1
access_event_sponsor_coordinator,event.sponsor.coordinator,model_event_sponsor,group_academic_coordinator,1,1,1,0

access_hackathon_hackathon_admin,hackathon.hackathon.admin,model_hackathon_hackathon,group_university_admin,1,1,1,1
access_hackathon_hackathon_coordinator,hackathon.hackathon.coordinator,model_hackathon_hackathon,group_academic_coordinator,1,1,1,0
access_hackathon_hackathon_student,hackathon.hackathon.student,model_hackathon_hackathon,group_student_portal,1,0,0,0

access_hackathon_judge_admin,hackathon.judge.admin,model_hackathon_judge,group_university_admin,1,1,1,1
access_hackathon_judge_coordinator,hackathon.judge.coordinator,model_hackathon_judge,group_academic_coordinator,1,1,1,0

access_hackathon_team_admin,hackathon.team.admin,model_hackathon_team,group_university_admin,1,1,1,1
access_hackathon_team_coordinator,hackathon.team.coordinator,model_hackathon_team,group_academic_coordinator,1,1,1,0
access_hackathon_team_student,hackathon.team.student,model_hackathon_team,group_student_portal,1,0,0,0

access_hackathon_winner_admin,hackathon.winner.admin,model_hackathon_winner,group_university_admin,1,1,1,1
access_hackathon_winner_coordinator,hackathon.winner.coordinator,model_hackathon_winner,group_academic_coordinator,1,1,1,0

access_university_event_admin,university.event.admin,model_university_event,group_university_admin,1,1,1,1
access_university_event_coordinator,university.event.coordinator,model_university_event,group_academic_coordinator,1,1,1,0
access_university_event_student,university.event.student,model_university_event,group_student_portal,1,0,0,0

access_fee_discount_admin,fee.discount.admin,model_fee_discount,group_university_admin,1,1,1,1
access_fee_discount_accounts,fee.discount.accounts,model_fee_discount,group_accounts_manager,1,1,1,0
access_fee_discount_faculty,fee.discount.faculty,model_fee_discount,group_faculty,1,0,0,0
access_fee_discount_student,fee.discount.student,model_fee_discount,group_student_portal,1,0,0,0

access_fee_discount_application_admin,fee.discount.application.admin,model_fee_discount_application,group_university_admin,1,1,1,1
access_fee_discount_application_accounts,fee.discount.application.accounts,model_fee_discount_application,group_accounts_manager,1,1,1,0
access_fee_discount_application_faculty,fee.discount.application.faculty,model_fee_discount_application,group_faculty,1,0,0,0
access_fee_discount_application_student,fee.discount.application.student,model_fee_discount_application,group_student_portal,1,0,0,0

access_fee_installment_admin,fee.installment.admin,model_fee_installment,group_university_admin,1,1,1,1
access_fee_installment_accounts,fee.installment.accounts,model_fee_installment,group_accounts_manager,1,1,1,0
access_fee_installment_student,fee.installment.student,model_fee_installment,group_student_portal,1,0,0,0

access_fee_installment_config_admin,fee.installment.config.admin,model_fee_installment_config,group_university_admin,1,1,1,1
access_fee_installment_config_accounts,fee.installment.config.accounts,model_fee_installment_config,group_accounts_manager,1,1,1,0
access_fee_installment_config_student,fee.installment.config.student,model_fee_installment_config,group_student_portal,1,0,0,0

access_fee_payment_admin,fee.payment.admin,model_fee_payment,group_university_admin,1,1,1,1
access_fee_payment_accounts,fee.payment.accounts,model_fee_payment,group_accounts_manager,1,1,1,0
access_fee_payment_student,fee.payment.student,model_fee_payment,group_student_portal,1,0,0,0

access_fee_reminder_admin,fee.reminder.admin,model_fee_reminder,group_university_admin,1,1,1,1
access_fee_reminder_accounts,fee.reminder.accounts,model_fee_reminder,group_accounts_manager,1,1,1,1
access_fee_reminder_student,fee.reminder.student,model_fee_reminder,group_student_portal,1,0,0,0

access_fee_structure_admin,fee.structure.admin,model_fee_structure,group_university_admin,1,1,1,1
access_fee_structure_accounts,fee.structure.accounts,model_fee_structure,group_accounts_manager,1,1,1,0
access_fee_structure_faculty,fee.structure.faculty,model_fee_structure,group_faculty,1,0,0,0
access_fee_structure_student,fee.structure.student,model_fee_structure,group_student_portal,1,0,0,0

access_fee_structure_line_admin,fee.structure.line.admin,model_fee_structure_line,group_university_admin,1,1,1,1
access_fee_structure_line_accounts,fee.structure.line.accounts,model_fee_structure_line,group_accounts_manager,1,1,1,0
access_fee_structure_line_faculty,fee.structure.line.faculty,model_fee_structure_line,group_faculty,1,0,0,0
access_fee_structure_line_student,fee.structure.line.student,model_fee_structure_line,group_student_portal,1,0,0,0

access_scholarship_scholarship_admin,scholarship.scholarship.admin,model_scholarship_scholarship,group_university_admin,1,1,1,1
access_scholarship_scholarship_accounts,scholarship.scholarship.accounts,model_scholarship_scholarship,group_accounts_manager,1,1,0,0
access_scholarship_scholarship_faculty,scholarship.scholarship.faculty,model_scholarship_scholarship,group_faculty,1,0,0,0
access_scholarship_scholarship_student,scholarship.scholarship.student,model_scholarship_scholarship,group_student_portal,1,0,0,0

access_scholarship_application_admin,scholarship.application.admin,model_scholarship_application,group_university_admin,1,1,1,1
access_scholarship_application_accounts,scholarship.application.accounts,model_scholarship_application,group_accounts_manager,1,1,0,0
access_scholarship_application_faculty,scholarship.application.faculty,model_scholarship_application,group_faculty,1,0,0,0
access_scholarship_application_student,scholarship.application.student,model_scholarship_application,group_student_portal,1,0,0,0

access_scholarship_document_type_admin,scholarship.document.type.admin,model_scholarship_document_type,group_university_admin,1,1,1,1
access_scholarship_document_type_accounts,scholarship.document.type.accounts,model_scholarship_document_type,group_accounts_manager,1,1,0,0
access_scholarship_document_type_faculty,scholarship.document.type.faculty,model_scholarship_document_type,group_faculty,1,0,0,0
access_scholarship_document_type_student,scholarship.document.type.student,model_scholarship_document_type,group_student_portal,1,0,0,0

access_examination_evaluation_admin,examination.evaluation.admin,model_examination_evaluation,group_university_admin,1,1,1,1
access_examination_evaluation_controller,examination.evaluation.controller,model_examination_evaluation,group_exam_controller,1,1,1,0
access_examination_evaluation_faculty,examination.evaluation.faculty,model_examination_evaluation,group_faculty,1,1,1,0
access_examination_evaluation_student,examination.evaluation.student,model_examination_evaluation,group_student_portal,1,0,0,0

access_examination_result_admin,examination.result.admin,model_examination_result,group_university_admin,1,1,1,1
access_examination_result_controller,examination.result.controller,model_examination_result,group_exam_controller,1,1,1,0
access_examination_result_faculty,examination.result.faculty,model_examination_result,group_faculty,1,1,1,0
access_examination_result_student,examination.result.student,model_examination_result,group_student_portal,1,0,0,0

access_examination_seating_admin,examination.seating.admin,model_examination_seating,group_university_admin,1,1,1,1
access_examination_seating_controller,examination.seating.controller,model_examination_seating,group_exam_controller,1,1,1,0
access_examination_seating_faculty,examination.seating.faculty,model_examination_seating,group_faculty,1,1,1,0
access_examination_seating_student,examination.seating.student,model_examination_seating,group_student_portal,1,0,0,0

access_examination_timetable_admin,examination.timetable.admin,model_examination_timetable,group_university_admin,1,1,1,1
access_examination_timetable_controller,examination.timetable.controller,model_examination_timetable,group_exam_controller,1,1,1,0
access_examination_timetable_faculty,examination.timetable.faculty,model_examination_timetable,group_faculty,1,1,1,0
access_examination_timetable_student,examination.timetable.student,model_examination_timetable,group_student_portal,1,0,0,0

access_examination_examination_admin,examination.examination.admin,model_examination_examination,group_university_admin,1,1,1,1
access_examination_examination_controller,examination.examination.controller,model_examination_examination,group_exam_controller,1,1,1,0
access_examination_examination_faculty,examination.examination.faculty,model_examination_examination,group_faculty,1,1,1,0
access_examination_examination_student,examination.examination.student,model_examination_examination,group_student_portal,1,0,0,0

access_examination_grade_system_admin,examination.grade.system.admin,model_examination_grade_system,group_university_admin,1,1,1,1
access_examination_grade_system_controller,examination.grade.system.controller,model_examination_grade_system,group_exam_controller,1,1,1,0
access_examination_grade_system_faculty,examination.grade.system.faculty,model_examination_grade_system,group_faculty,1,1,1,0
access_examination_grade_system_student,examination.grade.system.student,model_examination_grade_system,group_student_portal,1,0,0,0

access_examination_hall_ticket_admin,examination.hall.ticket.admin,model_examination_hall_ticket,group_university_admin,1,1,1,1
access_examination_hall_ticket_controller,examination.hall.ticket.controller,model_examination_hall_ticket,group_exam_controller,1,1,1,0
access_examination_hall_ticket_faculty,examination.hall.ticket.faculty,model_examination_hall_ticket,group_faculty,1,1,1,0
access_examination_hall_ticket_student,examination.hall.ticket.student,model_examination_hall_ticket,group_student_portal,1,0,0,0

access_examination_marksheet_admin,examination.marksheet.admin,model_examination_marksheet,group_university_admin,1,1,1,1
access_examination_marksheet_controller,examination.marksheet.controller,model_examination_marksheet,group_exam_controller,1,1,1,0
access_examination_marksheet_faculty,examination.marksheet.faculty,model_examination_marksheet,group_faculty,1,1,1,0
access_examination_marksheet_student,examination.marksheet.student,model_examination_marksheet,group_student_portal,1,0,0,0

access_examination_revaluation_admin,examination.revaluation.admin,model_examination_revaluation,group_university_admin,1,1,1,1
access_examination_revaluation_controller,examination.revaluation.controller,model_examination_revaluation,group_exam_controller,1,1,1,0
access_examination_revaluation_faculty,examination.revaluation.faculty,model_examination_revaluation,group_faculty,1,1,1,0
access_examination_revaluation_student,examination.revaluation.student,model_examination_revaluation,group_student_portal,1,0,0,0

access_faculty_faculty_admin,faculty.faculty.admin,model_faculty_faculty,group_university_admin,1,1,1,1
access_faculty_faculty_controller,faculty.faculty.controller,model_faculty_faculty,group_exam_controller,1,1,0,0
access_faculty_faculty_faculty,faculty.faculty.faculty,model_faculty_faculty,group_faculty,1,1,0,0
access_faculty_faculty_student,faculty.faculty.student,model_faculty_faculty,group_student_portal,1,0,0,0

access_faculty_attendance_admin,faculty.attendance.admin,model_faculty_attendance,group_university_admin,1,1,1,1
access_faculty_attendance_controller,faculty.attendance.controller,model_faculty_attendance,group_exam_controller,1,1,1,0
access_faculty_attendance_faculty,faculty.attendance.faculty,model_faculty_attendance,group_faculty,1,1,1,0
access_faculty_attendance_student,faculty.attendance.student,model_faculty_attendance,group_student_portal,1,0,0,0

access_faculty_designation_admin,faculty.designation.admin,model_faculty_designation,group_university_admin,1,1,1,1
access_faculty_designation_controller,faculty.designation.controller,model_faculty_designation,group_exam_controller,1,1,0,0
access_faculty_designation_faculty,faculty.designation.faculty,model_faculty_designation,group_faculty,1,0,0,0
access_faculty_designation_student,faculty.designation.student,model_faculty_designation,group_student_portal,1,0,0,0

access_faculty_evaluation_admin,faculty.evaluation.admin,model_faculty_evaluation,group_university_admin,1,1,1,1
access_faculty_evaluation_controller,faculty.evaluation.controller,model_faculty_evaluation,group_exam_controller,1,1,1,0
access_faculty_evaluation_faculty,faculty.evaluation.faculty,model_faculty_evaluation,group_faculty,1,1,1,0
access_faculty_evaluation_student,faculty.evaluation.student,model_faculty_evaluation,group_student_portal,1,0,0,0

access_faculty_leave_admin,faculty.leave.admin,model_faculty_leave,group_university_admin,1,1,1,1
access_faculty_leave_controller,faculty.leave.controller,model_faculty_leave,group_exam_controller,1,1,0,0
access_faculty_leave_faculty,faculty.leave.faculty,model_faculty_leave,group_faculty,1,1,1,0
access_faculty_leave_student,faculty.leave.student,model_faculty_leave,group_student_portal,1,0,0,0

access_faculty_salary_admin,faculty.salary.admin,model_faculty_salary,group_university_admin,1,1,1,1
access_faculty_salary_controller,faculty.salary.controller,model_faculty_salary,group_exam_controller,1,1,0,0
access_faculty_salary_faculty,faculty.salary.faculty,model_faculty_salary,group_faculty,1,0,0,0
access_faculty_salary_student,faculty.salary.student,model_faculty_salary,group_student_portal,0,0,0,0

access_faculty_workload_admin,faculty.workload.admin,model_faculty_workload,group_university_admin,1,1,1,1
access_faculty_workload_controller,faculty.workload.controller,model_faculty_workload,group_exam_controller,1,1,0,0
access_faculty_workload_faculty,faculty.workload.faculty,model_faculty_workload,group_faculty,1,1,0,0
access_faculty_workload_student,faculty.workload.student,model_faculty_workload,group_student_portal,1,0,0,0

access_library_book_admin,library.book.admin,model_library_book,group_university_admin,1,1,1,1
access_library_book_librarian,library.book.librarian,model_library_book,group_librarian,1,1,1,0
access_library_book_all,library.book.all,model_library_book,base.group_user,1,0,0,0

access_library_category_admin,library.category.admin,model_library_category,group_university_admin,1,1,1,1
access_library_category_librarian,library.category.librarian,model_library_category,group_librarian,1,1,1,0
access_library_category_all,library.category.all,model_library_category,base.group_user,1,0,0,0

access_library_fine_admin,library.fine.admin,model_library_fine,group_university_admin,1,1,1,1
access_library_fine_librarian,library.fine.librarian,model_library_fine,group_librarian,1,1,1,0
access_library_fine_all,library.fine.all,model_library_fine,base.group_user,1,0,0,0

access_library_issue_admin,library.issue.admin,model_library_issue,group_university_admin,1,1,1,1
access_library_issue_librarian,library.issue.librarian,model_library_issue,group_librarian,1,1,1,0
access_library_issue_member,library.issue.member,model_library_issue,group_student_portal,1,0,0,0

access_library_member_admin,library.member.admin,model_library_member,group_university_admin,1,1,1,1
access_library_member_librarian,library.member.librarian,model_library_member,group_librarian,1,1,1,0
access_library_member_all,library.member.all,model_library_member,base.group_user,1,0,0,0

access_library_reservation_admin,library.reservation.admin,model_library_reservation,group_university_admin,1,1,1,1
access_library_reservation_librarian,library.reservation.librarian,model_library_reservation,group_librarian,1,1,1,0
access_library_reservation_member,library.reservation.member,model_library_reservation,group_student_portal,1,1,1,0

access_hostel_hostel_admin,hostel.hostel.admin,model_hostel_hostel,group_university_admin,1,1,1,1
access_hostel_hostel_warden,hostel.hostel.warden,model_hostel_hostel,group_hostel_warden,1,1,0,0
access_hostel_hostel_student,hostel.hostel.student,model_hostel_hostel,group_student_portal,1,0,0,0

access_hostel_allocation_admin,hostel.allocation.admin,model_hostel_allocation,group_university_admin,1,1,1,1
access_hostel_allocation_warden,hostel.allocation.warden,model_hostel_allocation,group_hostel_warden,1,1,1,0
access_hostel_allocation_student,hostel.allocation.student,model_hostel_allocation,group_student_portal,1,0,0,0

access_hostel_attendance_admin,hostel.attendance.admin,model_hostel_attendance,group_university_admin,1,1,1,1
access_hostel_attendance_warden,hostel.attendance.warden,model_hostel_attendance,group_hostel_warden,1,1,1,0
access_hostel_attendance_student,hostel.attendance.student,model_hostel_attendance,group_student_portal,1,0,0,0

access_hostel_complaint_admin,hostel.complaint.admin,model_hostel_complaint,group_university_admin,1,1,1,1
access_hostel_complaint_warden,hostel.complaint.warden,model_hostel_complaint,group_hostel_warden,1,1,1,0
access_hostel_complaint_student,hostel.complaint.student,model_hostel_complaint,group_student_portal,1,1,1,0

access_hostel_mess_admin,hostel.mess.admin,model_hostel_mess,group_university_admin,1,1,1,1
access_hostel_mess_warden,hostel.mess.warden,model_hostel_mess,group_hostel_warden,1,1,1,0
access_hostel_mess_student,hostel.mess.student,model_hostel_mess,group_student_portal,1,0,0,0

access_hostel_room_admin,hostel.room.admin,model_hostel_room,group_university_admin,1,1,1,1
access_hostel_room_warden,hostel.room.warden,model_hostel_room,group_hostel_warden,1,1,1,0
access_hostel_room_student,hostel.room.student,model_hostel_room,group_student_portal,1,0,0,0

access_hostel_visitor_admin,hostel.visitor.admin,model_hostel_visitor,group_university_admin,1,1,1,1
access_hostel_visitor_warden,hostel.visitor.warden,model_hostel_visitor,group_hostel_warden,1,1,1,1
access_hostel_visitor_student,hostel.visitor.student,model_hostel_visitor,group_student_portal,1,1,1,0

access_mess_attendance_admin,mess.attendance.admin,model_mess_attendance,group_university_admin,1,1,1,1
access_mess_attendance_warden,mess.attendance.warden,model_mess_attendance,group_hostel_warden,1,1,1,0
access_mess_attendance_student,mess.attendance.student,model_mess_attendance,group_student_portal,1,0,0,0

access_mess_feedback_admin,mess.feedback.admin,model_mess_feedback,group_university_admin,1,1,1,1
access_mess_feedback_warden,mess.feedback.warden,model_mess_feedback,group_hostel_warden,1,1,0,0
access_mess_feedback_student,mess.feedback.student,model_mess_feedback,group_student_portal,1,1,1,0

access_mess_item_admin,mess.item.admin,model_mess_item,group_university_admin,1,1,1,1
access_mess_item_warden,mess.item.warden,model_mess_item,group_hostel_warden,1,1,1,0
access_mess_item_student,mess.item.student,model_mess_item,group_student_portal,1,0,0,0

access_mess_menu_admin,mess.menu.admin,model_mess_menu,group_university_admin,1,1,1,1
access_mess_menu_warden,mess.menu.warden,model_mess_menu,group_hostel_warden,1,1,1,0
access_mess_menu_student,mess.menu.student,model_mess_menu,group_student_portal,1,0,0,0

access_internship_internship_admin,internship.internship.admin,model_internship_internship,group_university_admin,1,1,1,1
access_internship_internship_faculty,internship.internship.faculty,model_internship_internship,group_faculty,1,1,1,0
access_internship_internship_student,internship.internship.student,model_internship_internship,group_student_portal,1,1,1,0

access_internship_company_admin,internship.company.admin,model_internship_company,group_university_admin,1,1,1,1
access_internship_company_faculty,internship.company.faculty,model_internship_company,group_faculty,1,1,1,0
access_internship_company_student,internship.company.student,model_internship_company,group_student_portal,1,0,0,0

access_internship_evaluation_admin,internship.evaluation.admin,model_internship_evaluation,group_university_admin,1,1,1,1
access_internship_evaluation_faculty,internship.evaluation.faculty,model_internship_evaluation,group_faculty,1,1,1,0
access_internship_evaluation_student,internship.evaluation.student,model_internship_evaluation,group_student_portal,1,0,0,0

access_internship_report_admin,internship.report.admin,model_internship_report,group_university_admin,1,1,1,1
access_internship_report_faculty,internship.report.faculty,model_internship_report,group_faculty,1,1,1,0
access_internship_report_student,internship.report.student,model_internship_report,group_student_portal,1,1,1,0

access_placement_drive_admin,placement.drive.admin,model_placement_drive,group_university_admin,1,1,1,1
access_placement_drive_officer,placement.drive.officer,model_placement_drive,group_placement_officer,1,1,1,0
access_placement_drive_student,placement.drive.student,model_placement_drive,group_student_portal,1,0,0,0

access_placement_application_admin,placement.application.admin,model_placement_application,group_university_admin,1,1,1,1
access_placement_application_officer,placement.application.officer,model_placement_application,group_placement_officer,1,1,1,0
access_placement_application_student,placement.application.student,model_placement_application,group_student_portal,1,1,1,0

access_placement_company_admin,placement.company.admin,model_placement_company,group_university_admin,1,1,1,1
access_placement_company_officer,placement.company.officer,model_placement_company,group_placement_officer,1,1,1,0
access_placement_company_student,placement.company.student,model_placement_company,group_student_portal,1,0,0,0

access_placement_coordinator_admin,placement.coordinator.admin,model_placement_coordinator,group_university_admin,1,1,1,1
access_placement_coordinator_officer,placement.coordinator.officer,model_placement_coordinator,group_placement_officer,1,1,1,0
access_placement_coordinator_faculty,placement.coordinator.faculty,model_placement_coordinator,group_faculty,1,1,1,0

access_placement_offer_admin,placement.offer.admin,model_placement_offer,group_university_admin,1,1,1,1
access_placement_offer_officer,placement.offer.officer,model_placement_offer,group_placement_officer,1,1,1,0
access_placement_offer_student,placement.offer.student,model_placement_offer,group_student_portal,1,0,0,0

access_placement_training_admin,placement.training.admin,model_placement_training,group_university_admin,1,1,1,1
access_placement_training_officer,placement.training.officer,model_placement_training,group_placement_officer,1,1,1,0
access_placement_training_student,placement.training.student,model_placement_training,group_student_portal,1,1,1,0

access_project_evaluation_admin,project.evaluation.admin,model_project_evaluation,group_university_admin,1,1,1,1
access_project_evaluation_faculty,project.evaluation.faculty,model_project_evaluation,group_faculty,1,1,1,0
access_project_evaluation_student,project.evaluation.student,model_project_evaluation,group_student_portal,1,0,0,0

access_project_guide_admin,project.guide.admin,model_project_guide,group_university_admin,1,1,1,1
access_project_guide_faculty,project.guide.faculty,model_project_guide,group_faculty,1,1,1,0

access_project_presentation_admin,project.presentation.admin,model_project_presentation,group_university_admin,1,1,1,1
access_project_presentation_faculty,project.presentation.faculty,model_project_presentation,group_faculty,1,1,1,0
access_project_presentation_student,project.presentation.student,model_project_presentation,group_student_portal,1,1,1,0

access_student_project_admin,student.project.admin,model_student_project,group_university_admin,1,1,1,1
access_student_project_faculty,student.project.faculty,model_student_project,group_faculty,1,1,1,0
access_student_project_student,student.project.student,model_student_project,group_student_portal,1,1,1,0

access_student_student_admin,student.student.admin,model_student_student,group_university_admin,1,1,1,1
access_student_student_admission,student.student.admission,model_student_student,group_admission_officer,1,1,1,0
access_student_student_faculty,student.student.faculty,model_student_student,group_faculty,1,1,0,0
access_student_student_student,student.student.student,model_student_student,group_student_portal,1,0,0,0

access_student_admission_admin,student.admission.admin,model_student_admission,group_university_admin,1,1,1,1
access_student_admission_officer,student.admission.officer,model_student_admission,group_admission_officer,1,1,1,0
access_student_admission_faculty,student.admission.faculty,model_student_admission,group_faculty,1,0,0,0
access_student_admission_student,student.admission.student,model_student_admission,group_student_portal,1,1,1,0

access_student_attendance_admin,student.attendance.admin,model_student_attendance,group_university_admin,1,1,1,1
access_student_attendance_faculty,student.attendance.faculty,model_student_attendance,group_faculty,1,1,1,0
access_student_attendance_student,student.attendance.student,model_student_attendance,group_student_portal,1,0,0,0

access_student_discipline_admin,student.discipline.admin,model_student_discipline,group_university_admin,1,1,1,1
access_student_discipline_faculty,student.discipline.faculty,model_student_discipline,group_faculty,1,1,1,0
access_student_discipline_student,student.discipline.student,model_student_discipline,group_student_portal,1,0,0,0

access_student_document_admin,student.document.admin,model_student_document,group_university_admin,1,1,1,1
access_student_document_admission,student.document.admission,model_student_document,group_admission_officer,1,1,1,0
access_student_document_student,student.document.student,model_student_document,group_student_portal,1,1,1,0

access_student_id_card_admin,student.id.card.admin,model_student_id_card,group_university_admin,1,1,1,1
access_student_id_card_officer,student.id.card.officer,model_student_id_card,group_admission_officer,1,1,1,0
access_student_id_card_student,student.id.card.student,model_student_id_card,group_student_portal,1,0,0,0

access_student_parent_admin,student.parent.admin,model_student_parent,group_university_admin,1,1,1,1
access_student_parent_admission,student.parent.admission,model_student_parent,group_admission_officer,1,1,1,0
access_student_parent_faculty,student.parent.faculty,model_student_parent,group_faculty,1,1,0,0

access_student_registration_admin,student.registration.admin,model_student_registration,group_university_admin,1,1,1,1
access_student_registration_officer,student.registration.officer,model_student_registration,group_admission_officer,1,1,1,0
access_student_registration_student,student.registration.student,model_student_registration,group_student_portal,1,1,1,0

access_class_timetable_admin,class.timetable.admin,model_class_timetable,group_university_admin,1,1,1,1
access_class_timetable_faculty,class.timetable.faculty,model_class_timetable,group_faculty,1,1,1,0
access_class_timetable_student,class.timetable.student,model_class_timetable,group_student_portal,1,0,0,0

access_faculty_timetable_admin,faculty.timetable.admin,model_faculty_timetable,group_university_admin,1,1,1,1
access_faculty_timetable_faculty,faculty.timetable.faculty,model_faculty_timetable,group_faculty,1,1,1,0
access_faculty_timetable_student,faculty.timetable.student,model_faculty_timetable,group_student_portal,1,0,0,0

access_lab_schedule_admin,lab.schedule.admin,model_lab_schedule,group_university_admin,1,1,1,1
access_lab_schedule_faculty,lab.schedule.faculty,model_lab_schedule,group_faculty,1,1,1,0
access_lab_schedule_student,lab.schedule.student,model_lab_schedule,group_student_portal,1,0,0,0

access_timetable_substitution_admin,timetable.substitution.admin,model_timetable_substitution,group_university_admin,1,1,1,1
access_timetable_substitution_faculty,timetable.substitution.faculty,model_timetable_substitution,group_faculty,1,1,1,0
access_timetable_substitution_student,timetable.substitution.student,model_timetable_substitution,group_student_portal,1,0,0,0

access_transport_allocation_admin,transport.allocation.admin,model_transport_allocation,group_university_admin,1,1,1,1
access_transport_allocation_manager,transport.allocation.manager,model_transport_allocation,group_transport_manager,1,1,1,0
access_transport_allocation_student,transport.allocation.student,model_transport_allocation,group_student_portal,1,0,0,0

access_transport_driver_admin,transport.driver.admin,model_transport_driver,group_university_admin,1,1,1,1
access_transport_driver_manager,transport.driver.manager,model_transport_driver,group_transport_manager,1,1,1,0

access_transport_fee_admin,transport.fee.admin,model_transport_fee,group_university_admin,1,1,1,1
access_transport_fee_manager,transport.fee.manager,model_transport_fee,group_transport_manager,1,1,1,0
access_transport_fee_student,transport.fee.student,model_transport_fee,group_student_portal,1,0,0,0

access_transport_route_admin,transport.route.admin,model_transport_route,group_university_admin,1,1,1,1
access_transport_route_manager,transport.route.manager,model_transport_route,group_transport_manager,1,1,1,0
access_transport_route_student,transport.route.student,model_transport_route,group_student_portal,1,0,0,0

access_transport_stop_admin,transport.stop.admin,model_transport_stop,group_university_admin,1,1,1,1
access_transport_stop_manager,transport.stop.manager,model_transport_stop,group_transport_manager,1,1,1,0
access_transport_stop_student,transport.stop.student,model_transport_stop,group_student_portal,1,0,0,0

access_transport_vehicle_admin,transport.vehicle.admin,model_transport_vehicle,group_university_admin,1,1,1,1
access_transport_vehicle_manager,transport.vehicle.manager,model_transport_vehicle,group_transport_manager,1,1,1,0
access_transport_vehicle_driver,transport.vehicle.driver,model_transport_vehicle,group_transport_driver,1,0,0,0


